session_id,record_index,frame_timestamp_ns,capture_timestamp_ns,tracking_state,image_file_name,image_path,image_exists,fx,fy,cx,cy,width,height,tx,ty,tz,qx,qy,qz,qw,blur_score,qc_tracking_ok,qc_image_ok,qc_intrinsics_ok,qc_blur_ok,qc_pose_ok,qc_pass,skip_reason,frame_gap_from_prev_selected,prod_adopted,prod_skip_reason
session-20260402-051025,1,1329419636842006,1329419617184006,TRACKING,frame_1329419636842006.jpg,/content/trajectreview_input/session-20260402-051025/trajectreview/images/frame_1329419636842006.jpg,True,456.27792,455.49878,317.64102,245.34378,640,480,-3.7374208e-05,0.03086954,-0.015460446,-0.17796071,-0.16980596,-0.6675018,0.7028067,418.0439453125,True,True,True,True,True,True,,,True,
session-20260402-051025,4,1329419737799816,1329419717276142,TRACKING,frame_1329419737799816.jpg,/content/trajectreview_input/session-20260402-051025/trajectreview/images/frame_1329419737799816.jpg,True,456.27792,455.49878,317.64102,245.34378,640,480,-0.00035114458,0.026413301,-0.021294551,-0.17937864,-0.17027994,-0.668946,0.700956,411.2445068359375,True,True,True,True,True,True,,3.0,True,
session-20260402-051025,7,1329419837742977,1329419817368277,TRACKING,frame_1329419837742977.jpg,/content/trajectreview_input/session-20260402-051025/trajectreview/images/frame_1329419837742977.jpg,True,456.27792,455.49878,317.64102,245.34378,640,480,0.0039140414,0.028458502,-0.025748022,-0.17998706,-0.16920675,-0.6698151,0.7002296,371.9774169921875,True,True,True,True,True,True,,3.0,True,
session-20260402-051025,10,1329419938166519,1329419917460412,TRACKING,frame_1329419938166519.jpg,/content/trajectreview_input/session-20260402-051025/trajectreview/images/frame_1329419938166519.jpg,True,456.27792,455.49878,317.64102,245.34378,640,480,0.010622909,0.029587971,-0.031239258,-0.17786679,-0.16982943,-0.6715833,0.6989258,328.91888427734375,True,True,True,True,True,True,,3.0,True,
session-20260402-051025,13,1329420037810480,1329420017552548,TRACKING,frame_1329420037810480.jpg,/content/trajectreview_input/session-20260402-051025/trajectreview/images/frame_1329420037810480.jpg,True,456.27792,455.49878,317.64102,245.34378,640,480,0.022248507,0.030920673,-0.03711807,-0.17457591,-0.17134318,-0.67404544,0.69701326,289.58270263671875,True,True,True,True,True,True,,3.0,True,
session-20260402-051025,16,1329420137585878,1329420117644631,TRACKING,frame_1329420137585878.jpg,/content/trajectreview_input/session-20260402-051025/trajectreview/images/frame_1329420137585878.jpg,True,456.27792,455.49878,317.64102,245.34378,640,480,0.03858683,0.031772204,-0.047429986,-0.17453903,-0.17237353,-0.677054,0.6938453,297.2425537109375,True,True,True,True,True,True,,3.0,True,
session-20260402-051025,19,1329420238100184,1329420217736767,TRACKING,frame_1329420238100184.jpg,/content/trajectreview_input/session-20260402-051025/trajectreview/images/frame_1329420238100184.jpg,True,456.27792,455.49878,317.64102,245.34378,640,480,0.055703897,0.031236932,-0.058016583,-0.1755283,-0.17545538,-0.6793349,0.6905862,306.25140380859375,True,True,True,True,True,True,,3.0,True,
session-20260402-051025,22,1329420338045758,1329420317828902,TRACKING,frame_1329420338045758.jpg,/content/trajectreview_input/session-20260402-051025/trajectreview/images/frame_1329420338045758.jpg,True,456.27792,455.49878,317.64102,245.34378,640,480,0.076541916,0.030952906,-0.06910513,-0.17631991,-0.1755224,-0.6814596,0.6882703,324.59661865234375,True,True,True,True,True,True,,3.0,True,
session-20260402-051025,25,1329420438247753,1329420417921037,TRACKING,frame_1329420438247753.jpg,/content/trajectreview_input/session-20260402-051025/trajectreview/images/frame_1329420438247753.jpg,True,456.27792,455.49878,317.64102,245.34378,640,480,0.101324424,0.031928293,-0.08017003,-0.17674336,-0.17269832,-0.68282175,0.6875256,302.9034423828125,True,True,True,True,True,True,,3.0,True,
session-20260402-051025,28,1329420537984607,1329420518013173,TRACKING,frame_1329420537984607.jpg,/content/trajectreview_input/session-20260402-051025/trajectreview/images/frame_1329420537984607.jpg,True,456.27792,455.49878,317.64102,245.34378,640,480,0.12956867,0.034031644,-0.09283304,-0.17622788,-0.17244653,-0.6824238,0.6881161,262.49212646484375,True,True,True,True,True,True,,3.0,True,
session-20260402-051025,31,1329420638063119,1329420618105308,TRACKING,frame_1329420638063119.jpg,/content/trajectreview_input/session-20260402-051025/trajectreview/images/frame_1329420638063119.jpg,True,456.27792,455.49878,317.64102,245.34378,640,480,0.1569149,0.03681506,-0.10357238,-0.1752473,-0.16896822,-0.6816531,0.6899908,259.57666015625,True,True,True,True,True,True,,3.0,True,
session-20260402-051025,34,1329420738353782,1329420718197444,TRACKING,frame_1329420738353782.jpg,/content/trajectreview_input/session-20260402-051025/trajectreview/images/frame_1329420738353782.jpg,True,456.27792,455.49878,317.64102,245.34378,640,480,0.18448614,0.038141586,-0.11413337,-0.17676182,-0.1655104,-0.6795822,0.6924807,252.08750915527344,True,True,True,True,True,True,,3.0,True,
session-20260402-051025,37,1329420838604340,1329420818289579,TRACKING,frame_1329420838604340.jpg,/content/trajectreview_input/session-20260402-051025/trajectreview/images/frame_1329420838604340.jpg,True,456.27792,455.49878,317.64102,245.34378,640,480,0.20674819,0.040110204,-0.11938518,-0.17786086,-0.16076335,-0.678605,0.6942736,273.0889892578125,True,True,True,True,True,True,,3.0,True,
session-20260402-051025,40,1329420938663912,1329420918381714,TRACKING,frame_1329420938663912.jpg,/content/trajectreview_input/session-20260402-051025/trajectreview/images/frame_1329420938663912.jpg,True,456.27792,455.49878,317.64102,245.34378,640,480,0.23152398,0.04059559,-0.12517917,-0.17966057,-0.161437,-0.6777665,0.6944731,159.86561584472656,True,True,True,True,True,True,,3.0,True,
session-20260402-051025,43,1329421038934267,1329421018473850,TRACKING,frame_1329421038934267.jpg,/content/trajectreview_input/session-20260402-051025/trajectreview/images/frame_1329421038934267.jpg,True,456.27792,455.49878,317.64102,245.34378,640,480,0.26002556,0.04212804,-0.1335646,-0.18549041,-0.16130576,-0.6782999,0.6924471,304.5729064941406,True,True,True,True,True,True,,3.0,True,
session-20260402-051025,46,1329421139000006,1329421118565985,TRACKING,frame_1329421139000006.jpg,/content/trajectreview_input/session-20260402-051025/trajectreview/images/frame_1329421139000006.jpg,True,456.27792,455.49878,317.64102,245.34378,640,480,0.2870525,0.043214,-0.14080687,-0.19118819,-0.1543451,-0.6793795,0.69142467,189.2132568359375,True,True,True,True,True,True,,3.0,True,
session-20260402-051025,49,1329421238939757,1329421218658121,TRACKING,frame_1329421238939757.jpg,/content/trajectreview_input/session-20260402-051025/trajectreview/images/frame_1329421238939757.jpg,True,456.27792,455.49878,317.64102,245.34378,640,480,0.3131014,0.04447695,-0.14638181,-0.18719904,-0.16146839,-0.67862886,0.6916266,191.47557067871094,True,True,True,True,True,True,,3.0,True,
session-20260402-051025,52,1329421339111118,1329421318750256,TRACKING,frame_1329421339111118.jpg,/content/trajectreview_input/session-20260402-051025/trajectreview/images/frame_1329421339111118.jpg,True,456.27792,455.49878,317.64102,245.34378,640,480,0.3362443,0.044496313,-0.15442428,-0.19296698,-0.17129916,-0.6778401,0.68844247,85.15679168701172,True,True,True,True,True,True,,3.0,True,
session-20260402-051025,55,1329421438874522,1329421418842392,TRACKING,frame_1329421438874522.jpg,/content/trajectreview_input/session-20260402-051025/trajectreview/images/frame_1329421438874522.jpg,True,456.27792,455.49878,317.64102,245.34378,640,480,0.36285838,0.044928055,-0.1655316,-0.21235086,-0.1607909,-0.6754167,0.6876523,144.6531219482422,True,True,True,True,True,True,,3.0,True,
session-20260402-051025,58,1329421538898970,1329421518934475,TRACKING,frame_1329421538898970.jpg,/content/trajectreview_input/session-20260402-051025/trajectreview/images/frame_1329421538898970.jpg,True,456.27792,455.49878,317.64102,245.34378,640,480,0.38824394,0.04826532,-0.17323291,-0.22236264,-0.13968207,-0.6771459,0.6873989,92.65286254882812,True,True,True,True,True,True,,3.0,True,
session-20260402-051025,61,1329421638859888,1329421619026610,TRACKING,frame_1329421638859888.jpg,/content/trajectreview_input/session-20260402-051025/trajectreview/images/frame_1329421638859888.jpg,True,456.27792,455.49878,317.64102,245.34378,640,480,0.41963372,0.05003781,-0.18187535,-0.22357237,-0.12771295,-0.6845255,0.6820041,149.27684020996094,True,True,True,True,True,True,,3.0,True,
session-20260402-051025,64,1329421739025751,1329421719118746,TRACKING,frame_1329421739025751.jpg,/content/trajectreview_input/session-20260402-051025/trajectreview/images/frame_1329421739025751.jpg,True,456.27792,455.49878,317.64102,245.34378,640,480,0.44825235,0.05017941,-0.19224769,-0.22057821,-0.1246295,-0.69127166,0.6767246,212.86337280273438,True,True,True,True,True,True,,3.0,True,
session-20260402-051025,67,1329421839126279,1329421819210881,TRACKING,frame_1329421839126279.jpg,/content/trajectreview_input/session-20260402-051025/trajectreview/images/frame_1329421839126279.jpg,True,456.27792,455.49878,317.64102,245.34378,640,480,0.47618788,0.04936569,-0.20408456,-0.2169846,-0.13016632,-0.69662577,0.6713322,104.42857360839844,True,True,True,True,True,True,,3.0,True,
session-20260402-051025,70,1329421939161834,1329421919303017,TRACKING,frame_1329421939161834.jpg,/content/trajectreview_input/session-20260402-051025/trajectreview/images/frame_1329421939161834.jpg,True,456.27792,455.49878,317.64102,245.34378,640,480,0.50327176,0.04858794,-0.21706101,-0.2137072,-0.13548301,-0.6993054,0.66853994,126.50799560546875,True,True,True,True,True,True,,3.0,True,
